Model,Task,Analyte,auroc,auprc,f1,precision,recall,accuracy,balanced_accuracy,brier_score,ece,f1_optimized,precision_optimized,recall_optimized,optimal_threshold,rmse,mae,r2,explained_variance,median_ae,detected_rmse,censored_rmse,concordance_index,subset_accuracy,hamming_loss,macro_auroc,micro_auroc,macro_auprc,micro_auprc,macro_f1,micro_f1,label_ranking_avg_precision,mean_per_label_auroc,auroc_PFOS,auprc_PFOS,auroc_PFOA,auprc_PFOA,auroc_PFBS,auprc_PFBS,auroc_PFHxS,auprc_PFHxS,auroc_HFPO-DA,auprc_HFPO-DA
dummy_classifier,T1,PFOS,0.5,0.2157622739018088,0.0,0.0,0.0,0.7842377260981912,0.5,0.17683162241806605,0.08730811735191862,0.35494155154091395,0.2157622739018088,1.0,0.01,,,,,,,,,,,,,,,,,,,,,,,,,,,,
logistic_regression,T1,PFOS,0.7534464294913741,0.674162409897729,0.5757864632983795,0.551094890510949,0.6027944111776448,0.8083548664944014,0.7338519008112276,0.14756728488009588,0.17646604278150985,0.6545454545454545,0.7598944591029023,0.5748502994011976,0.6732323232323232,,,,,,,,,,,,,,,,,,,,,,,,,,,,
xgboost_classifier,T1,PFOS,0.8636253029361376,0.7809783620874269,0.6822916666666666,0.9812734082397003,0.5229540918163673,0.8949181739879414,0.7601041738598586,0.08815173804759979,0.024417789557083965,0.6680161943319838,0.6776180698151951,0.6586826347305389,0.25747474747474747,,,,,,,,,,,,,,,,,,,,,,,,,,,,
xgboost_default,T1,PFOS,0.8362440412968681,0.7490695051054352,0.6699386503067485,0.8694267515923567,0.5449101796407185,0.884151593453919,0.7611975390240935,0.0982389748096466,0.06429802587069931,0.5815126050420169,0.502177068214804,0.6906187624750499,0.10898989898989898,,,,,,,,,,,,,,,,,,,,,,,,,,,,
random_forest_classifier,T1,PFOS,0.8499409747227128,0.75292729882087,0.6371061843640606,0.7668539325842697,0.5449101796407185,0.8660637381567614,0.7496654138181627,0.10896455604038134,0.11907235976478885,0.5977186311787073,0.4828009828009828,0.7844311377245509,0.30696969696969695,,,,,,,,,,,,,,,,,,,,,,,,,,,,
mlp_classifier,T1,PFOS,0.7158779640060899,0.47649988354538797,0.524701873935264,0.4576523031203566,0.6147704590818364,0.7596899224806202,0.7071655700131861,0.18003684282302856,0.19135716527059507,0.5619678334910123,0.5341726618705036,0.592814371257485,0.6138383838383838,,,,,,,,,,,,,,,,,,,,,,,,,,,,
cnn1d_classifier,T1,PFOS,0.7871894870336209,0.5067466121268461,0.47418967587034816,0.33905579399141633,0.7884231536926147,0.6227390180878553,0.6827892814042426,0.22806322574615479,0.3019578699335379,0.3861788617886179,0.24247064828994386,0.9481037924151696,0.25747474747474747,,,,,,,,,,,,,,,,,,,,,,,,,,,,
lightgbm_classifier,T1,PFOS,0.8470264303901807,0.7627899978248927,0.6254612546125461,0.58147512864494,0.6766467065868264,0.8251507321274764,0.7713271973351485,0.12002894449961009,0.12028691899027807,0.6374269005847953,0.6228571428571429,0.6526946107784432,0.5445454545454546,,,,,,,,,,,,,,,,,,,,,,,,,,,,
catboost_classifier,T1,PFOS,0.8449208118633682,0.7581857759394605,0.5336021505376344,0.4022289766970618,0.7924151696606786,0.7011197243755384,0.7342086831279779,0.18294599607130285,0.2711969086354044,0.5983193277310924,0.5166908563134979,0.7105788423153693,0.594040404040404,,,,,,,,,,,,,,,,,,,,,,,,,,,,
gnn_gcn_classifier,T1,PFOS,0.6417823331919357,0.2847630399096937,0.4864433811802233,0.4050464807436919,0.6087824351297405,0.7226528854435831,0.6813818820349417,0.2222890853881836,0.19877418174923345,0.5,0.4251748251748252,0.6067864271457086,0.5247474747474747,,,,,,,,,,,,,,,,,,,,,,,,,,,,
gnn_sage_classifier,T1,PFOS,0.4817109328843686,0.19525136838104318,0.11953612845673506,0.10806451612903226,0.13373253493013973,0.5749354005167958,0.4150266189203142,0.28457874059677124,0.29122665363676226,0.37506387327542157,0.25206043956043955,0.7325349301397206,0.24757575757575756,,,,,,,,,,,,,,,,,,,,,,,,,,,,
deep_tobit_classifier,T1,PFOS,0.60237241058794,0.25077225615686116,0.0,0.0,0.0,0.7842377260981912,0.5,0.17590661716809963,0.1414613663893212,0.43824701195219123,0.3283582089552239,0.6586826347305389,0.16838383838383839,,,,,,,,,,,,,,,,,,,,,,,,,,,,
tabpfn_classifier,T1,PFOS,0.8563805941110639,0.7672148618370074,0.6743589743589744,0.942652329749104,0.5249500998003992,0.8906115417743324,0.7580818593455593,0.09062084555625916,0.04561541733732262,0.6329113924050633,0.5785123966942148,0.6986027944111777,0.1386868686868687,,,,,,,,,,,,,,,,,,,,,,,,,,,,
voting_ensemble,T1,PFOS,0.8497305224805743,0.7548170708618306,0.654073199527745,0.8005780346820809,0.5528942115768463,0.8738156761412575,0.7575014715215368,0.09709583725572775,0.04089925104883075,0.6072374227714034,0.5443037974683544,0.6866267465069861,0.2772727272727273,,,,,,,,,,,,,,,,,,,,,,,,,,,,
stacking_ensemble,T1,PFOS,0.8491375294441321,0.7539029879439166,0.5493150684931507,0.4181438998957247,0.8003992015968064,0.7166236003445305,0.7469870802053225,0.19954391951775316,0.29304454969307914,0.5660919540229885,0.44219977553310885,0.7864271457085829,0.5247474747474747,,,,,,,,,,,,,,,,,,,,,,,,,,,,
icp_classifier,T1,PFOS,0.731063956655607,0.6721625145526477,0.6344993968636912,0.801829268292683,0.5249500998003992,0.8695090439276486,0.7446277132719734,0.1191924586892128,0.11693732870844022,0.5341959334565619,0.4974182444061962,0.5768463073852296,0.10898989898989898,,,,,,,,,,,,,,,,,,,,,,,,,,,,
xgboost_regressor,T2,PFOS,,,,,,,,,,,,,,0.1579133034944003,0.0105276191410242,-0.0009643243888390884,0.00020029329787873973,0.0031914394348859787,0.3399065474098765,6.196427099204276e-05,0.6391283269102772,,,,,,,,,,,,,,,,,,,,
random_forest_regressor,T2,PFOS,,,,,,,,,,,,,,0.15737520915773948,0.01139394063346148,0.005845685304426751,0.006126869515459488,0.0028007831830914195,0.33839880131983063,0.00450267665065459,0.7239455368661512,,,,,,,,,,,,,,,,,,,,
mlp_regressor,T2,PFOS,,,,,,,,,,,,,,0.15423763995450898,0.021654184416105327,0.04509118216807295,0.04577186251563781,0.004783442226052284,0.31013564005354705,0.05998554540505217,0.5259579118630697,,,,,,,,,,,,,,,,,,,,
cnn1d_regressor,T2,PFOS,,,,,,,,,,,,,,0.15839036940707552,0.0246057870791556,-0.007021410982558152,-0.005524982551122326,0.005781598389148712,0.30228880363731175,0.08065059801221693,0.6685086731801113,,,,,,,,,,,,,,,,,,,,
lightgbm_regressor,T2,PFOS,,,,,,,,,,,,,,0.15778774589065642,0.010557238027079613,0.000626785611020475,0.001755453844642263,0.0031575439790587387,0.3396314686844257,3.558728185189747e-05,0.48184836109353557,,,,,,,,,,,,,,,,,,,,
catboost_regressor,T2,PFOS,,,,,,,,,,,,,,0.1579284228123653,0.010541681830723144,-0.0011560070659830668,1.8276073391554348e-05,0.003235917155432123,0.3399389047897965,0.0,0.45798170866989324,,,,,,,,,,,,,,,,,,,,
deep_tobit_regressor,T2,PFOS,,,,,,,,,,,,,,1.933183910242102,0.5920676094859507,-149.01251937852265,-135.15674921198817,0.3133184888617939,0.8666303857936181,2.131364327603791,0.6516142550761317,,,,,,,,,,,,,,,,,,,,
hurdle_regressor,T2,PFOS,,,,,,,,,,,,,,0.15782189029844385,0.014882714754196077,0.0001942209858328825,0.00021404371493582985,0.008373395539820194,0.33936335433453424,0.002911974542066753,0.28784604386303686,,,,,,,,,,,,,,,,,,,,
xgboost_aft_regressor,T2,PFOS,,,,,,,,,,,,,,0.15763284202195357,0.009749554507200235,0.0025880378948650584,0.003814258276640836,0.0019263670713640748,0.3392949616686217,0.0,0.6869725630048399,,,,,,,,,,,,,,,,,,,,
zi_tobit_regressor,T2,PFOS,,,,,,,,,,,,,,0.2097193487592597,0.09571474810104866,-0.7654611372330258,-0.4827161464663565,0.05523960271280165,0.35501892378700584,0.13748954696928345,0.7148286317657789,,,,,,,,,,,,,,,,,,,,
icp_regressor,T2,PFOS,,,,,,,,,,,,,,1.2768084148890462,0.4504802267205772,-64.43839420454384,-56.79259444476135,0.006532380627550901,0.8342197808319313,1.3688844793680315,0.39599168426501885,,,,,,,,,,,,,,,,,,,,
hurdle_aft_ensemble,T2,PFOS,,,,,,,,,,,,,,0.15768804519057217,0.012129353918469242,0.0018893263687095319,0.0021228835794023793,0.005196554644498974,0.33929425613268394,0.000710051113598527,0.5253662785442533,,,,,,,,,,,,,,,,,,,,
dummy_classifier,T3,all,,,,,,,,,,,,,,,,,,,,,,0.5737903225806451,0.2154032258064516,,0.5183762472529968,0.15531464678882484,0.16077998558346376,0.12652819173116203,0.1603269412134549,0.8324350358422915,0.5031693853410765,0.5062043674147411,0.20417144747850385,0.5075162343060458,0.16597016939857565,0.4976968713963445,0.2294439254591509,0.5012600682471747,0.17698769160789385,,
logistic_regression,T3,all,,,,,,,,,,,,,,,,,,,,,,0.31209677419354837,0.36112903225806453,,0.6530458929761944,0.2521457350006736,0.26385087978659527,0.2445246176515523,0.2751699579151829,0.89204973118279,0.6395306768507361,0.6192355057444484,0.3112789749045179,0.6663262252328858,0.27712787435774144,0.604264159355766,0.3137020470369956,0.6682968170698438,0.3586197787041131,,
xgboost_classifier,T3,all,,,,,,,,,,,,,,,,,,,,,,0.6463709677419355,0.14717741935483872,,0.7654103997024196,0.37856879624215295,0.4450374302901758,0.23702031449494393,0.3052912066996574,0.9070340501792123,0.718327795497362,0.8174817620948098,0.5985669851086924,0.8182149626385319,0.5381995927715955,0.42798147589214697,0.24372031142040496,0.8096329813639596,0.5123570919100721,,
xgboost_default,T3,all,,,,,,,,,,,,,,,,,,,,,,0.6270161290322581,0.15274193548387097,,0.7553494130433571,0.35825861718384516,0.426373399410028,0.2927240492405681,0.3622895622895623,0.9082862903225818,0.6917968834165786,0.8021743274441517,0.5850059608699189,0.7986589774406088,0.5332005236780812,0.39905819883508753,0.2258860402937754,0.7672960299464667,0.44720056107745004,,
random_forest_classifier,T3,all,,,,,,,,,,,,,,,,,,,,,,0.6149193548387096,0.16919354838709677,,0.7048888842646395,0.35494215431750387,0.41411980642548535,0.3198133699583117,0.40901408450704224,0.9040815412186316,0.6816203904409279,0.8093424066470394,0.5888560565534626,0.8048320515317491,0.5069296583206775,0.3390025494500656,0.21129729249533388,0.7733045541348574,0.4676277642180455,,
mlp_classifier,T3,all,,,,,,,,,,,,,,,,,,,,,,0.6387096774193548,0.1613709677419355,,0.64595680245233,0.2095896582293182,0.2194920816937274,0.02492393103080126,0.04028776978417266,0.8853696236559092,0.6202922332517995,0.6882480617340357,0.28634657374430467,0.7015708205271934,0.2810328303921223,0.44989537071609365,0.2288274870700795,0.6414546800298749,0.2517413999400845,,
cnn1d_classifier,T3,all,,,,,,,,,,,,,,,,,,,,,,0.6665322580645161,0.1554032258064516,,0.7188221847547392,0.20687453462979355,0.24495836854495545,0.0038314176245210726,0.005162622612287042,0.9003942652329789,0.6669120252890943,0.6738070095281897,0.2727592832928632,0.7134728113970291,0.2574074752057502,0.6401339768577087,0.27561671189355474,0.6402343033734498,0.22858920275679967,,
lightgbm_classifier,T3,all,,,,,,,,,,,,,,,,,,,,,,0.5866935483870968,0.16943548387096774,,0.7657041169803235,0.36977733532072177,0.4221395910517451,0.2072004820144448,0.36003655193420653,0.9057325268817208,0.6905788105832187,0.8062712372122859,0.5939713930949828,0.8076246609440837,0.5485438254611316,0.3573592321008698,0.23804288472151836,0.7910601120756354,0.46832857332597594,,
catboost_classifier,T3,all,,,,,,,,,,,,,,,,,,,,,,0.6443548387096775,0.14717741935483872,,0.7631490753580962,0.3842227746589435,0.45679371330743773,0.31214344049994797,0.39105772439105774,0.9084789426523314,0.7086109550830707,0.810863871045176,0.6052081705727508,0.827462697911273,0.5584404298998583,0.3873535717529373,0.23511675921334035,0.8087636796228964,0.522348513608768,,
gnn_gcn_classifier,T3,all,,,,,,,,,,,,,,,,,,,,,,0.6125,0.1571774193548387,,0.7528044523954984,0.345134419100829,0.4000029202709885,0.2881366486184397,0.35697789508413064,0.9086480734767035,0.686926444162191,0.7875950978285975,0.5333628272671215,0.8022157986993553,0.5129077457916483,0.38478990201268026,0.2357488929959138,0.7731049781081312,0.4436526294494614,,
gnn_sage_classifier,T3,all,,,,,,,,,,,,,,,,,,,,,,0.6125,0.1571774193548387,,0.7528044523954984,0.345134419100829,0.4000029202709885,0.2881366486184397,0.35697789508413064,0.9086480734767035,0.686926444162191,0.7875950978285975,0.5333628272671215,0.8022157986993553,0.5129077457916483,0.38478990201268026,0.2357488929959138,0.7731049781081312,0.4436526294494614,,
deep_tobit_classifier,T3,all,,,,,,,,,,,,,,,,,,,,,,0.6532258064516129,0.1558064516129032,,0.7533291359972727,0.2596735018585385,0.3211424528669675,0.1187975847036451,0.15114235500878734,0.930192652329748,0.6772825199839868,0.671140286380246,0.32741447380702204,0.7001801568564113,0.28796520558714844,0.6450264623559341,0.3275206748250125,0.6927831743433557,0.3554671550735095,,
tabpfn_classifier,T3,all,,,,,,,,,,,,,,,,,,,,,,0.6532258064516129,0.1558064516129032,,0.7533291359972727,0.2596735018585385,0.3211424528669675,0.1187975847036451,0.15114235500878734,0.930192652329748,0.6772825199839868,0.671140286380246,0.32741447380702204,0.7001801568564113,0.28796520558714844,0.6450264623559341,0.3275206748250125,0.6927831743433557,0.3554671550735095,,
voting_ensemble,T3,all,,,,,,,,,,,,,,,,,,,,,,0.6532258064516129,0.1558064516129032,,0.7533291359972727,0.2596735018585385,0.3211424528669675,0.1187975847036451,0.15114235500878734,0.930192652329748,0.6772825199839868,0.671140286380246,0.32741447380702204,0.7001801568564113,0.28796520558714844,0.6450264623559341,0.3275206748250125,0.6927831743433557,0.3554671550735095,,
stacking_ensemble,T3,all,,,,,,,,,,,,,,,,,,,,,,0.6532258064516129,0.1558064516129032,,0.7533291359972727,0.2596735018585385,0.3211424528669675,0.1187975847036451,0.15114235500878734,0.930192652329748,0.6772825199839868,0.671140286380246,0.32741447380702204,0.7001801568564113,0.28796520558714844,0.6450264623559341,0.3275206748250125,0.6927831743433557,0.3554671550735095,,
icp_classifier,T3,all,,,,,,,,,,,,,,,,,,,,,,0.6532258064516129,0.1558064516129032,,0.7533291359972727,0.2596735018585385,0.3211424528669675,0.1187975847036451,0.15114235500878734,0.930192652329748,0.6772825199839868,0.671140286380246,0.32741447380702204,0.7001801568564113,0.28796520558714844,0.6450264623559341,0.3275206748250125,0.6927831743433557,0.3554671550735095,,
dummy_classifier,T4,lead,0.5,0.2051548946716233,0.0,0.0,0.0,0.7948451053283767,0.5,0.17234991554904447,0.09635118932917225,0.34046228510323273,0.2051548946716233,1.0,0.01,,,,,,,,,,,,,,,,,,,,,,,,,,,,
logistic_regression,T4,lead,0.6464986728640458,0.3216665929710154,0.3994314143567875,0.2966916940403566,0.6110171539019087,0.6230483271375464,0.6185854040898917,0.255632388085572,0.2859649681457811,0.3945052971808224,0.31390198599799973,0.530804542159942,0.5544444444444444,,,,,,,,,,,,,,,,,,,,,,,,,,,,
xgboost_classifier,T4,lead,0.6991935079509133,0.38666937620302755,0.4199144486692015,0.41314005143792376,0.4269147136989611,0.7580173482032219,0.6351959450260832,0.17225421965122223,0.12008214958362938,0.4381827640020808,0.34171737660581475,0.610533945397439,0.32676767676767676,,,,,,,,,,,,,,,,,,,,,,,,,,,,
xgboost_default,T4,lead,0.6831029901855881,0.37614593960950365,0.4102156640181612,0.38685506315564117,0.4365788837883547,0.742453531598513,0.6289903648175996,0.18388982117176056,0.13692285899578363,0.41265666099334675,0.30351655855240695,0.6443585407103165,0.29707070707070704,,,,,,,,,,,,,,,,,,,,,,,,,,,,
random_forest_classifier,T4,lead,0.6889028783449367,0.3679724040368241,0.38659930869449616,0.4297960390186225,0.3512925827494564,0.7713011152416357,0.6155003696984997,0.18091404817215553,0.175686433325345,0.42230153371274237,0.3514771997430957,0.5288717081420633,0.41585858585858587,,,,,,,,,,,,,,,,,,,,,,,,,,,,
mlp_classifier,T4,lead,0.6299972500867973,0.2798861432688981,0.38948850305021115,0.28796114259280675,0.60159458806475,0.6130855018587361,0.6088229862249417,0.2666463553905487,0.30085828156940997,0.3883209290913552,0.29352126607319484,0.5735684948055085,0.5148484848484849,,,,,,,,,,,,,,,,,,,,,,,,,,,,
cnn1d_classifier,T4,lead,0.6412588542775614,0.31382187327583844,0.3498823529411765,0.34097684017427193,0.3592655230732061,0.726096654275093,0.5900218860065457,0.20084433257579803,0.2043930130066925,0.37986469775223686,0.2717527060782681,0.6308287025851655,0.39606060606060606,,,,,,,,,,,,,,,,,,,,,,,,,,,,
lightgbm_classifier,T4,lead,0.691836706682735,0.3831178740428126,0.0,0.0,0.0,0.7948451053283767,0.5,0.17476708538845206,0.14567301312080533,0.42006636736287334,0.35238251187162273,0.5199323508093743,0.3564646464646465,,,,,,,,,,,,,,,,,,,,,,,,,,,,
catboost_classifier,T4,lead,0.6950990948066778,0.4031237650122436,0.42835214446952596,0.3419838523644752,0.5730852863010389,0.6861957868649319,0.6442378289823978,0.2294999846403751,0.2852536553139293,0.42231473771856787,0.32219540083852116,0.6127083836675525,0.47525252525252526,,,,,,,,,,,,,,,,,,,,,,,,,,,,
gnn_gcn_classifier,T4,lead,0.5724396924990769,0.2453896376540139,0.3406408094435076,0.24452631578947367,0.5612466779415318,0.5542503097893432,0.5568455889084063,0.29587990045547485,0.31666023549121175,0.34126926695129894,0.24359504132231405,0.5697028267697511,0.495050505050505,,,,,,,,,,,,,,,,,,,,,,,,,,,,
gnn_sage_classifier,T4,lead,0.5207390643340476,0.22365246676624087,0.2851092501684474,0.23696,0.35781589755979704,0.6318711276332094,0.5302112663154435,0.25901228189468384,0.2587255616620272,0.28314606741573034,0.23769685039370078,0.3500845614882822,0.5049494949494949,,,,,,,,,,,,,,,,,,,,,,,,,,,,
deep_tobit_classifier,T4,lead,0.5048081521216066,0.20785712373117773,0.34046228510323273,0.2051548946716233,1.0,0.2051548946716233,0.5,0.49543876906357837,0.5642346872946667,0.340339763892888,0.20508625817965498,0.9995167914955303,0.5841414141414141,,,,,,,,,,,,,,,,,,,,,,,,,,,,
voting_ensemble,T4,lead,0.703664904183032,0.3988844297668448,0.4396771886811727,0.3808849557522124,0.5199323508093743,0.7281288723667906,0.6508990763774983,0.19347200046349694,0.20087297805921014,0.4387908873326833,0.3465415849901988,0.5979705242812273,0.44555555555555554,,,,,,,,,,,,,,,,,,,,,,,,,,,,
stacking_ensemble,T4,lead,0.695505653171883,0.3968586909003718,0.4170827252477149,0.30574324324324326,0.6559555448175888,0.6238413878562578,0.6357540258385774,0.23052290914514895,0.28349780458283874,0.418844889654093,0.3097580738511402,0.64653297898043,0.5049494949494949,,,,,,,,,,,,,,,,,,,,,,,,,,,,
icp_classifier,T4,lead,0.587113851288093,0.27008737551364775,0.20517830972154372,0.3146853146853147,0.1522106789079488,0.7580669144981412,0.5333265916365636,0.18683890998363495,0.12792195328316808,0.35898641895467104,0.2372183372183372,0.7376177820729645,0.23767676767676768,,,,,,,,,,,,,,,,,,,,,,,,,,,,
dummy_classifier,T5,all,0.5,0.11869587366276108,0.0,0.0,0.0,0.8813041263372389,0.5,0.13802673624203132,0.18281021033803446,,,,,,,,,,,,,,,,,,,,,,,,,,,,,,,,
logistic_regression,T5,all,0.696162147411248,0.2627442888861525,0.294234592445328,0.2740740740740741,0.31759656652360513,0.8191543555781966,0.6021508844178719,0.14471796211817198,0.18050854553868148,,,,,,,,,,,,,,,,,,,,,,,,,,,,,,,,
xgboost_classifier,T5,all,0.7151740306135106,0.33471208053297,0.3055555555555556,0.4330708661417323,0.23605150214592274,0.8726439123790117,0.597216502518048,0.1005781888961792,0.04609572649916793,,,,,,,,,,,,,,,,,,,,,,,,,,,,,,,,
xgboost_default,T5,all,0.702142201493463,0.31414455767547605,0.3111111111111111,0.4409448818897638,0.24034334763948498,0.8736627610799796,0.5996514426058697,0.1015944629907608,0.046110052025084156,,,,,,,,,,,,,,,,,,,,,,,,,,,,,,,,
random_forest_classifier,T5,all,0.722826167853333,0.32641995893094133,0.28160919540229884,0.4260869565217391,0.21030042918454936,0.8726439123790117,0.5860750700836042,0.12967448945041168,0.1863271717770131,,,,,,,,,,,,,,,,,,,,,,,,,,,,,,,,
mlp_classifier,T5,all,0.7004887246024462,0.23556719946038152,0.34916201117318435,0.2587991718426501,0.5364806866952789,0.7626082526744778,0.6647721352551539,0.17946776747703552,0.25995752251442755,,,,,,,,,,,,,,,,,,,,,,,,,,,,,,,,
cnn1d_classifier,T5,all,0.606713140985884,0.14949577149480003,0.11023622047244094,0.14189189189189189,0.09012875536480687,0.8273051451859399,0.5083591753702646,0.15752117335796356,0.21449062453655943,,,,,,,,,,,,,,,,,,,,,,,,,,,,,,,,
lightgbm_classifier,T5,all,0.5916383437941899,0.20509029759274738,0.0,0.0,0.0,0.8813041263372389,0.5,0.1395978130056238,0.19267566898500246,,,,,,,,,,,,,,,,,,,,,,,,,,,,,,,,
catboost_classifier,T5,all,0.6697288446748865,0.2685911153389462,0.35343035343035345,0.34274193548387094,0.3648068669527897,0.8415690269994905,0.6352936068867995,0.14687128828572482,0.22036075964022747,,,,,,,,,,,,,,,,,,,,,,,,,,,,,,,,
deep_tobit_classifier,T5,all,0.7286387655362324,0.2748228507086118,0.21241379310344827,0.11894953656024716,0.9914163090128756,0.1273560876209883,0.5011994839862066,0.3938155557650591,0.5418646455746161,,,,,,,,,,,,,,,,,,,,,,,,,,,,,,,,
voting_ensemble,T5,all,0.720675283435461,0.34036101300620986,0.32727272727272727,0.4144736842105263,0.2703862660944206,0.8680590932246561,0.6094705896946091,0.10876450087267116,0.10847502934144061,,,,,,,,,,,,,,,,,,,,,,,,,,,,,,,,
stacking_ensemble,T5,all,0.6952293532461733,0.2641397890172831,0.3442265795206972,0.3495575221238938,0.33905579399141633,0.8466632705043301,0.6270423478627601,0.1458208800584325,0.21874747022551405,,,,,,,,,,,,,,,,,,,,,,,,,,,,,,,,
icp_classifier,T5,all,0.6470788161452777,0.24133783829534422,0.2018348623853211,0.35106382978723405,0.14163090128755365,0.8670402445236882,0.5531853928403087,0.11285928636789322,0.07798326229264453,,,,,,,,,,,,,,,,,,,,,,,,,,,,,,,,
dummy_classifier,T7,PFOS,0.5,0.12984740985518514,0.0,0.0,0.0,0.8701525901448148,0.5,0.12589647539092763,0.11361960826302347,,,,,,,,,,,,,,,,,,,,,,,,,,,,,,,,
logistic_regression,T7,PFOS,0.5801072517090247,0.18751679983736258,0.2196708763872943,0.22474549725920126,0.2148203592814371,0.8018271940907765,0.5521214496060933,0.1605326060290269,0.15606628841425227,,,,,,,,,,,,,,,,,,,,,,,,,,,,,,,,
xgboost_classifier,T7,PFOS,0.6638195322746665,0.24041125989812187,0.0,0.0,0.0,0.8701525901448148,0.5,0.12533414363861084,0.11440463419122023,,,,,,,,,,,,,,,,,,,,,,,,,,,,,,,,
xgboost_default,T7,PFOS,0.6247125290355289,0.21426274765861225,0.03754512635379061,0.5306122448979592,0.019461077844311378,0.8704441636699388,0.5084460532748866,0.12791845202445984,0.12657739026966922,,,,,,,,,,,,,,,,,,,,,,,,,,,,,,,,
random_forest_classifier,T7,PFOS,0.6278768415364067,0.21457804510811915,0.06763285024154589,0.4336283185840708,0.036676646706586824,0.8686947225191952,0.5147641024217621,0.11856797315132271,0.09116624711464985,,,,,,,,,,,,,,,,,,,,,,,,,,,,,,,,
mlp_classifier,T7,PFOS,0.6267957634379404,0.24883958079540192,0.286875,0.24624463519313305,0.343562874251497,0.7782097385557392,0.5933161182382247,0.16811935603618622,0.22088079073883848,,,,,,,,,,,,,,,,,,,,,,,,,,,,,,,,
cnn1d_classifier,T7,PFOS,0.581546487612288,0.16972254674842813,0.2419747363541546,0.14315096668037844,0.781437125748503,0.3642725240548158,0.5417293972314502,0.2716592252254486,0.39731361962583267,,,,,,,,,,,,,,,,,,,,,,,,,,,,,,,,
lightgbm_classifier,T7,PFOS,0.5676910308724671,0.19383630229686108,0.06018194541637509,0.46236559139784944,0.03218562874251497,0.8694722519195257,0.5133004542684987,0.12270984153870143,0.10882807811895254,,,,,,,,,,,,,,,,,,,,,,,,,,,,,,,,
catboost_classifier,T7,PFOS,0.6334117758005713,0.2267339874480503,0.2079303675048356,0.2937158469945355,0.16092814371257486,0.8408008552823404,0.5515910683937609,0.1559029411752239,0.21263234267020034,,,,,,,,,,,,,,,,,,,,,,,,,,,,,,,,
deep_tobit_classifier,T7,PFOS,0.46327398537003955,0.11304240546936846,0.08353365384615384,0.06977911646586345,0.10404191616766467,0.7035669161240159,0.4485360926755893,0.24964359116595297,0.3665004234258855,,,,,,,,,,,,,,,,,,,,,,,,,,,,,,,,
tabpfn_classifier,T7,PFOS,0.6457586474543374,0.243982262346723,0.0,0.0,0.0,0.8701525901448148,0.5,0.12130293995141983,0.10014548551228589,,,,,,,,,,,,,,,,,,,,,,,,,,,,,,,,
voting_ensemble,T7,PFOS,0.6334526161571641,0.219348633256163,0.04721030042918455,0.532258064516129,0.02470059880239521,0.8705413548449801,0.5107307305415975,0.12373225661593165,0.11389372853092525,,,,,,,,,,,,,,,,,,,,,,,,,,,,,,,,
stacking_ensemble,T7,PFOS,0.4182040392575733,0.1201660717191557,0.20692300316425352,0.11866270757725723,0.8076347305389222,0.196131791233356,0.45625788799927236,0.25505899568467016,0.377212847535556,,,,,,,,,,,,,,,,,,,,,,,,,,,,,,,,
icp_classifier,T7,PFOS,0.5774080260120884,0.18977504587311214,0.047345767575322814,0.5689655172413793,0.02470059880239521,0.8709301195451453,0.5109541193498182,0.1276385486125946,0.12655152759110672,,,,,,,,,,,,,,,,,,,,,,,,,,,,,,,,
